"nombreVacante","empresa","ubicacion","sueldo","verificada","categoria","subcategoria","educacionMinima","contratacion","horario","espacioDeTrabajo","descripcion"
"Desarrollador ABAP","Bliss IT Group","Monterrey,, N.L.","$30,000 - $37,000 Mensual",true,"Tecnologías de la Información - Sistemas","SAP","Universitario titulado","Permanente","Tiempo completo","Desde casa","¿Quiénes somos en Bliss IT?




En Bliss IT somos un equipo de especialistas en Tecnologías de la Información enfocados en desarrollar, gestionar y brindar consultoría de alto nivel para potenciar a nuestros clientes.




Creemos firmemente que la tecnología transforma, pero son las personas quienes la hacen posible , por eso impulsamos un ambiente de trabajo basado en respeto, confianza, diversidad y colaboración.




Qué buscamos?

Estamos en búsqueda de un Desarrollador SAP ABAP para integrarse a nuestro equipo remoto desde cualquier parte de la República Mexicana. Buscamos a alguien apasionado por la tecnología, con enfoque en calidad y mejora continua.




Responsabilidades principales:

Desarrollar y dar mantenimiento a programas en ABAP según los requerimientos del negocio.
Crear y mantener reportes y formularios (SAP ALV, SmartForms, SAPScript).
Desarrollar interfaces y procesos de extracción de datos (RFCs, BAPIs, BADIs).
Optimizar código para mejorar el rendimiento del sistema SAP.
Brindar soporte técnico a usuarios y elaborar documentación técnica de los desarrollos realizados.




Perfil requerido:

Licenciatura en Informática, Sistemas o carrera afín.
Experiencia comprobable en desarrollo ABAP.
Conocimiento avanzado de SAP ECC o S/4HANA.
Dominio de SQL, SAP GUI, ABAP Workbench y programación orientada a objetos (OOP).
Experiencia con el módulo SAP FI (deseable conocimiento en MM y SD).
Familiaridad con metodologías ágiles (Scrum deseable).
Certificación en ABAP (deseable).







?Ofrecemos:

Modalidad: 100% Home Office (exclusivo para residentes en México).

Ubicación administrativa: Monterrey, Nuevo León.

Oportunidad de crecimiento en un entorno tecnológico, dinámico y colaborativo.

Participación en proyectos retadores con enfoque en mejora continua."
"Desarrollador ABAP","KODE IT S.C.","CDMX","$60,000 - $65,000 Mensual",true,"Tecnologías de la Información - Sistemas","Desarrollo de software - Programador","Universitario titulado","Temporal","Tiempo completo","Híbrido","KODE IT, empresa mexicana líder en consultoría en TIC´S y desarrollo de software, solicita Desarrollador SAP ABAP que cubra el siguiente perfil.




Conocimientos requeridos:

• Conocimientos sólidos en ABAP.

• Manejo de los módulos SD (Ventas y Distribución) y FI (Finanzas).

• Experiencia en el manejo de servicios REST, SOAP o clases.




Experiencia:

• Experiencia comprobable mínima de 3 años.




Funciones del puesto:

• Desarrollo o implantación de las reglas de negocio en una plataforma de automatización central.

• Generación de documentación.

• Desarrollo y mantenimiento de programas ABAP personalizados en SAP.

• Participación en el análisis y la resolución de problemas técnicos y de rendimiento.




Aspectos a considerar:

• Guardias ocasionales.

• Modalidad Híbrida.

• Estatus académico: Pasante o titulado."
"Abap Developer Sr","E-Software & Business ...","Monterrey,, N.L.","$50,000 - $60,000 Mensual",true,"Tecnologías de la Información - Sistemas","SAP","Universitario titulado","Temporal","Tiempo completo","Desde casa","Acerca de la empresa




'E-Software & Business Solution, S. A. de C. V.' es una empresa líder en el desarrollo de soluciones tecnológicas para empresas en México. Valoramos la innovación, la creatividad y el trabajo en equipo, brindando un ambiente laboral dinámico y colaborativo. Ubicación: Monterrey, Nuevo León.




Carreras Afines:

Ingeniero o Licenciado en Sistemas Computacionales

Ingeniero en Tecnologías Computacionales

Otra Similar

Perfil Búsqueda: Programador ABAP Sr.

Cantidad Recursos: ( 2 ) Dos




Idioma (s): español, inglés (técnico intermedio).




Función Principal: Programación ABAP




· Experiencia +5 años comprobable como desarrollador ABAP

· Dominio técnico de desarrollos ABAP:

- Utilización de herramientas del Workbench

o Module Pool

o BADI

o BAPI

o Idoc

o Enahacement, Exits, Field Exit

o Interfases RFC, ODATA

o SAP Script

o Smart Forms

o Programación Orientada a Objetos




- Deseable:

o Nuevas Herramientas de Hana

o Desarrollo en Eclipse

o Vistas CDS

o Métodos AMDP

o New Open SQL




Actividades Principales:

· Atención a los requerimientos de programación enviados por los funcionales de los módulos de FI/MM/PM/QM

· Desarrollo de nuevas aplicaciones utilizando el lenguaje ABAP de acuerdo con las especificaciones indicadas.

· Dar mantenimiento a las aplicaciones actuales en producción para continuar con la operación diaria.

· Aplicación de las nuevas herramientas de SAP Hana.




Disponibilidad:

Inmediata

Lugar de Trabajo:

Remoto

Otras Capacidades Generales Esperadas

· Actitud proactiva

· Conocimiento de procesos de negocio

· Probada capacidad de análisis y Síntesis

· Sepa trabajar en equipo

· Sepa trabajar bajo presión




Ingles: solo escrito intermedio




Prestaciones y beneficios adicionales




Sueldo competitivo
Contratación temporal a tiempo completo.
Modalidad de trabajo remoto.
Oportunidades de capacitación y desarrollo profesional.
Ambiente laboral inclusivo y colaborativo."
"ABAP Developer Jr","HYUNDAI AUTOEVER MEXICO","Pesquería,, N.L.","Sueldo no mostrado por la empresa",true,"Tecnologías de la Información - Sistemas","Desarrollo web","Universitario titulado","Permanente","Tiempo completo","Presencial","Vacante: Desarrollador SAP ABAP Jr

Disponibilidad: Inmediata

Nivel: Especialista Jr.

Tipo de puesto: Tiempo completo




Descripción del puesto:

En Hyundai Autoever estamos en búsqueda de un Desarrollador SAP ABAP Jr. con actitud proactiva y ganas de aprender. Esta es una excelente oportunidad para recién egresados que desean iniciar su carrera en una empresa tecnológica con presencia internacional.




Requisitos:

Egresado/a de una carrera afín a Tecnologías de la Información, Ingeniería en Sistemas o similar
2 años de experiencia desarrollando en SAP ABAP.
Inglés avanzado
Capacidad de análisis y resolución de problemas
Trabajo en equipo y comunicación efectiva




¿Qué ofrecemos?

9% en vales de despensa (topado conforme a la ley)
10% en fondo de ahorro (topado conforme a la ley)
30 días de aguinaldo
80% de prima vacacional
Seguro de gastos médicos
Seguro de vida para colaboradores"
"SAP ABAP Developer","HYUNDAI AUTOEVER MEXICO","Apodaca,, N.L.","Sueldo no mostrado por la empresa",true,"Tecnologías de la Información - Sistemas","SAP","Universitario titulado","Permanente","Tiempo completo","Presencial","En Hyundai Autoever México , estamos en búsqueda de un Desarrollador SAP ABAP (Advanced Business Application Programming).




Requisitos:

Desarrollo en ABAP , experiencia con RFC y SmartForms.
POO (Programación Orientada a Objetos) ABAP , Características de ABAP con SAP 7.40. Buenas prácticas de programación.
Haber trabajado con al menos 2 módulos: PP, FI, SD, MM, PM.
Deseable experiencia en WebDynpro .
Deseable desarrollo ABAP (Learning Hub).
Conocimientos en ABAP HANA son una ventaja.
Carrera universitaria concluida.
Inglés conversacional.




¿Qué ofrecemos?:




9% en vales de despensa (topado conforme a la ley)
10% en fondo de ahorro (topado conforme a la ley)
30 días de aguinaldo
80% de prima vacacional
Seguro de gastos médicos
Seguro de vida para colaboradores"
"SAP ABAP Developer","HYUNDAI AUTOEVER MEXICO","Tijuana,, BC.","Sueldo no mostrado por la empresa",true,"Tecnologías de la Información - Sistemas","Desarrollo de software - Programador","Universitario titulado","Permanente","Tiempo completo","Presencial","Desarrollador SAP ABAP – Hyundai Autoever México




En Hyundai Autoever México, estamos en búsqueda de un Desarrollador SAP ABAP con experiencia sólida en programación orientada a objetos y desarrollo en diferentes módulos SAP. Si estás en busca de estabilidad, crecimiento profesional y excelentes beneficios, ¡esta oportunidad es para ti!




Requisitos:

Mínimo 4 años de experiencia en desarrollo con SAP ABAP.
Dominio en POO ABAP, RFC, SmartForms, IDOCS, y BAPIS.
Experiencia comprobable en al menos 2 módulos SAP: PP, FI, SD, MM o PM.
Conocimientos en WebDynpro y FIORI, SAP UI es un plus.
Deseable experiencia en ambientes SAP HANA.
Inglés conversacional indispensable.}




Ofrecemos:

Contratación directa con Hyundai Autoever México.
Estabilidad laboral y desarrollo profesional.
Salario competitivo.
Prestaciones superiores a las de la ley:
Seguro de gastos médicos mayores familiar.
Seguro de vida.
Fondo de ahorro del 10%.
Vales de despensa del 9%.
30 días de aguinaldo.
80% de prima vacacional.
Descuentos especiales en vehículos KIA y Hyundai."
"ABAP Developer S4HANA MONTERREY *amc*","Softtek","","Sueldo no mostrado por la empresa",true,"Tecnologías de la Información - Sistemas","SAP","Universitario titulado","Permanente","Tiempo completo","Desde casa","Softtek

Buscamos al mejor talento para seguir haciendo de Softtek el Mejor Lugar para Trabajar!




Te gustari­a formar parte de nuestro equipo de Desarrollo SAP ??

Actualmente estamos contratando:




DESARROLLADORES ABAP SR S4HANA

SENIOR

MONTERREY

INGLES DESEABLE

**

OFRECEMOS:

- Estabilidad Laboral - Trabajo de Planta

- Excelente Sueldo - Prestaciones Superiores a las de Ley

- Oportunidades de Desarrollo

- CapacitaciÃ³n Constante

- Excelente ambiente de Trabajo

 

Si te interesa la Oportunidad y reunes el Perfil, Postulate por este medio!!

Despues de Postularte podras ver los Datos de Contacto.

Es Importante que tambien nos envÃies tu Cv detallado en formato Word

al corrreo que aparece en la Informacion de Contacto."
"Desarrollador ABAP","Herramientas Truper","Miguel Hidalgo,, CDMX","Sueldo no mostrado por la empresa",true,"Tecnologías de la Información - Sistemas","SAP","Universitario sin titulo","Permanente","Tiempo completo","Presencial","DESARROLLADOR ABAP ECC




Acerca de la empresa 

 

GRUPO TRUPER líder en Latinoamérica en la manufactura, distribución y comercialización de herramientas y productos para la industria ferretera. Con una historia de excelencia y compromiso, valoramos el trabajo en equipo y nos enfocamos en resultados, brindando una oportunidad única para construir una carrera en nuestro equipo.

 

Requisitos del puesto 

 

Licenciatura concluida en Ingeniería en Sistemas, Informática, computación o a fin 

Experiencia mínima de 5 años en roles como desarrollador ABAP ECC

 

 

Responsabilidades del puesto 

 

Conocimiento sólido y comprobable en programación ABAP
Conocimiento sólido y comprobable en la arquitectura del sistema SAP (ECC)
Funcionamiento del servidor de aplicaciones, ABAP Dispatcher, web dispatcher.
Comunicación SAP ECC vs otros sistemas (RFC, IDOCs, servicios web, protocolos de comunicación -HTTP/HTTPS, SOAP,...- )
Debug en el sistema SAP 
Atención de Incidentes y errores del sistema SAP 




 

 

 

Prestaciones y beneficios adicionales 

 

Sueldo base competitivo

Prestaciones de ley

Prestaciones superiores a la ley

 

 

Si cumples con los requisitos y te interesa formar parte de nuestro equipo, ¡postúlate por este medio!"
"Desarrollador ABAP -Hibrido","Matersys Group","CDMX","$38,000 - $45,000 Mensual",true,"Tecnologías de la Información - Sistemas","Seguridad informática","Universitario titulado","Temporal","Tiempo completo","Híbrido","Matersys Group empresa mexicana con 21 años en el mercado. Líder en ofrecer servicios, soluciones, capacitaciones y desarrollo de software a la medida.




SOLICITA




DESARROLLADOR ABAP




Proyecto por 6 meses
Experiencia trabajando con desarrollo ABAP.
Experiencias en desarrollos ABAP para SAP S/4HANA.
Experiencia en implementar facturación Electrónica CFDi.
Entendimiento de Especificación Funcionales.
Creación de Especificación Técnicas.
Desarrollar soluciones ABAP para los módulos de HCM y Finanzas del S4Hana 2023, aplicando las mejores prácticas de codificación ABAP.
Experiencia en desarrollos para dispersión de nómina, BADIS, Web Dynpro, Web Services y HRForms.
Ejecutar pruebas unitarias de los desarrollos para asegurar la calidad de estos.
Entrega de la documentación requerida para desarrollos ABAP: Especificación Técnica, listado de transportes con dependencias, Code Inspector.




EMPLEO HIBRIDO CERCA DE PARQUE HUNDIDO




Ofrecemos sueldo competitivo, prestaciones de ley y vales de despensa




Interesados postularse por este medio"
"Desarrollador ABAP","Consiss","Monterrey,, N.L.","Sueldo no mostrado por la empresa",true,"Tecnologías de la Información - Sistemas","SAP","Universitario titulado","Permanente","Tiempo completo","Desde casa","CONSISS innovation labs somos socio estratégico de muchas empresas para proporcionar soluciones de tecnología, brindando servicios de staffing de personal, fábrica de software, con más de 20 años en el mercado y presencia en el Norte, Centro y Sudamérica.




Actualmente estamos buscando: Desarrollador ABAP




Contratación indefinida | ?? Lunes a viernes de 8:00 a.m. a 6:00 p.m.

Sueldo según experiencia (esquema mixto, mínimo en IMSS)

Ubicación: Monterrey (trabajo remoto)

¿Te apasiona desarrollar soluciones técnicas en SAP?

¡Únete a nuestro equipo como Desarrollador ABAP y sé parte de proyectos desafiantes con impacto real!




¿Cuál es la misión del puesto?

Diseñar, desarrollar e implementar soluciones funcionales y técnicas en SAP, utilizando ABAP y buenas prácticas de programación, asegurando eficiencia, calidad y cumplimiento de los requerimientos del negocio.




Lo que estamos buscando

+4 años de experiencia en desarrollo ABAP (SAP ECC o S/4HANA).
Dominio en programación orientada a objetos, ALV, Smart Forms, SAPScript, Adobe Forms.
Integraciones vía BAPIs, RFCs, BADIs y conocimiento en Enhancements/User Exits.
Manejo de base de datos y SQL.
Conocimientos funcionales en módulos FI, MM, SD.
Uso de ABAP Workbench y SAP GUI.
Experiencia en optimización y depuración de código.
Capacidad para trabajar en equipo, con enfoque a resultados y orientación a la calidad.

Será un plus si cuentas con:

Certificación ABAP con SAP NetWeaver.
Conocimientos en WebDynpro, APIs/Web Services, Oracle.
Experiencia con metodologías ágiles (SCRUM).




¿Qué te encantará de trabajar con nosotros?




Nos preocupamos y nos ocupamos porque seas feliz y desempeñes tus funciones de una manera extraordinaria.

Ofrecemos oportunidades de crecimiento profesional y personal con cursos técnicos y humanos que te permitirán desarrollarte de manera integral.

Ofrecemos una compensación competitiva y beneficios centrados en nuestro talento, seguro de gastos médicos mayores y menores a precio de flotilla, prestamos, descuentos en universidades, escuelas de inglés, lugares de diversiones, restaurantes, agencias de viajes, etc




¿Quieres ser parte de nosotros?




Envía tu CV al correo indicado (No olvides incluir tu teléfono actualizado, sueldo deseado y horario disponible para entrevista telefónica inicial).




¡Atrévete a vivir experiencias extraordinarias y lleguemos juntos a nuestros clientes a la Nueva Ola Tecnológica!"
"Desarrollador ABAP","tibs sa de cv","","Sueldo no mostrado por la empresa",true,"Tecnologías de la Información - Sistemas","Consultoría TI","Universitario titulado","Permanente","Tiempo completo","Desde casa","Empresa mexicana de tecnología de información con más de 14 años de experiencia en el mercado. Nos especializamos en brindar soluciones tecnológicas a empresas nacionales e internacionales. Nuestro equipo de profesionales altamente capacitados en áreas como análisis de datos, informática, diseño, UX/UI, desarrollo y arquitectura de datos, modelos financieros y estadísticos, nos permite ofrecer soluciones relevantes que maximizan la productividad y rentabilidad de nuestros clientes. Además, valoramos el crecimiento profesional y brindamos un ambiente de trabajo colaborativo y motivador.




?Vacante: Desarrollador ABAP – SAP




Descripción del puesto

Estamos en búsqueda de un Desarrollador ABAP apasionado por la tecnología y con experiencia en entornos SAP. La persona ideal será responsable del desarrollo, mejora y mantenimiento de programas ABAP para cubrir necesidades del negocio, garantizando calidad y cumplimiento de tiempos.




Actividades principales
Desarrollar y mantener programas en ABAP de acuerdo con especificaciones funcionales.
Colaborar con consultores funcionales para traducir requerimientos en soluciones técnicas.
Documentar desarrollos, pruebas y soluciones implementadas.
Participar en pruebas técnicas y funcionales.
Dar soporte a incidencias y realizar ajustes a desarrollos existentes.
Proponer mejoras continuas en procesos de desarrollo.




Requisitos
Experiencia mínima de [2-3] años en desarrollo ABAP.
Conocimiento de los principales módulos SAP (FI, CO, MM, SD, etc.).
Experiencia con reportes, smartforms, user-exits, BAPIs, BADIs, entre otros.
Deseable experiencia en ABAP orientado a objetos.
Deseable conocimiento en SAP Fiori o SAPUI5.




Habilidades blandas
Comunicación efectiva.
Trabajo en equipo y colaboración con áreas funcionales.
Resolución de problemas y orientación a resultados.
Capacidad de adaptación y aprendizaje continuo.




Nuestra misión y visión:

Misión: Crear soluciones tecnológicas que simplifiquen tu vida.

Visión: Ser una empresa global y ágil, formada por gente comprometida y con sentido humano; líderes en soluciones tecnológicas de gran valor para nuestros clientes"
"DESARROLLADOR ABAP","Bodegas La Negrita S.A...","Miguel Hidalgo,, CDMX","$50,000 Mensual",false,"Tecnologías de la Información - Sistemas","Desarrollo de software - Programador","Universitario titulado","Permanente","Tiempo completo","Híbrido","En BLN Brands, comercializadora de vinos y licores con presencia nacional, estamos en búsqueda de nuestro próximo(a):

Desarrollador(a) ABAP.

¿Te apasiona el desarrollo en SAP y quieres ser parte de una empresa en constante crecimiento? ¡Esta es tu oportunidad!




OBJETIVO

Impulsar la eficiencia operativa a través del diseño y desarrollo de soluciones ABAP en SAP, garantizando la integración de sistemas y la mejora continua de procesos clave del negocio.

RESPONSABILIDADES

Desarrollo y mantenimiento de programas SAP (reportes, formularios, funciones).
Optimización de procesos empresariales mediante automatización de flujos y mejoras de código.
Pruebas unitarias e integrales (UAT) para asegurar la calidad del desarrollo.
Integración de SAP con otros sistemas mediante OData, BADIs, RFCs y Web Services.
Personalización de SAP sin afectar el estándar.
Soporte técnico a usuarios y equipos funcionales.
Documentación técnica de los desarrollos e implementaciones realizadas.




PRESTACIONES Y BENEFICIOS

Sueldo competitivo
Vales de despensa
SGMM y Seguro de Vida
Fondo y caja de ahorro
Aguinaldo y vacaciones superiores la ley"
"Desarrollador ABAP","Grupo Salinas","Tlalpan,, CDMX","$50,000 - $55,000 Mensual",true,"Tecnologías de la Información - Sistemas","Desarrollo de software - Programador","Universitario titulado","Permanente","Tiempo completo","Presencial","En Grupo Salinas buscamos agentes de cambio con mentalidad positiva e innovadora, dispuestas a trabajar en equipo para la solución de problemas en las diversas industrias en las que tenemos presencia a nivel nacional e internacional.




Desarrollador ABAP




¿Qué necesitas?




Desarrollar aplicaciones y/o programas de software que brinden soluciones tecnológicas, garantizando la calidad y el correcto funcionamiento de los mismos.




Funciones:







Conocimientos:







Ofrecemos:

Sueldo: $50,000 a $55,000 Brutos MX

Prestaciones de ley:

Vacaciones (iniciando con 12 días al año), prima vacacional del 25% anual, aguinaldo (15 días al año, aumenta según antigüedad).

Condiciones laborales:

Horario de lunes a viernes de 9 am a 6 pm. 100% presencial

Beneficios financieros:

Adelanto de nómina, acceso a tarjeta de crédito, crédito personal con tasa preferencial después de 2 años, cambio de divisas, caja de ahorro.

Beneficios del puesto:

Descuentos desde el 10% en productos en tiendas Elektra y Salinas &amp;amp; Rocha en compras de contado desde el primer día.

Servicios:

Acceso a nutriólogo, psicólogo, odontólogo, biblioteca, concursos y programas para mejorar la salud.

Promociones y convenios para ti y tu familia:

Descuentos en gimnasios, cines, centros de entretenimiento, conciertos, restaurantes, tiendas departamentales, ópticas, laboratorios, clínicas, colegios, escuelas de idiomas, universidades, aerolíneas, viajes, agencias automotrices, y guarderías.




¡Construye tu propia historia de éxito con nosotros!




Reportes ALV




REST/APIs




Conocimiento de microservicios




Base de Datos.




ABAP avanzado




Consumo de WebServices.




SAP (Hana Fiori)




Asegurar la funcionalidad del sistema.




Reunir los requisitos para que el desarrollo pase a un ambiente productivo.




Documentar los componentes desarrollados.




Realizar pruebas unitarias.




Generar código de programación de software.




Analizar los requerimientos tecnológicos.

En Grupo Salinas buscamos agentes de cambio con mentalidad positiva e innovadora, dispuestas a trabajar en equipo para la solución de problemas en las diversas industrias en las que tenemos presencia a nivel nacional e internacional.




Desarrollador ABAP




¿Qué necesitas?




Desarrollar aplicaciones y/o programas de software que brinden soluciones tecnológicas, garantizando la calidad y el correcto funcionamiento de los mismos.




Funciones:




Asegurar la funcionalidad del sistema.




Reunir los requisitos para que el desarrollo pase a un ambiente productivo.




Documentar los componentes desarrollados.




Realizar pruebas unitarias.




Generar código de programación de software.




Analizar los requerimientos tecnológicos.




Conocimientos:




Reportes ALV




REST/APIs




Conocimiento de microservicios




Base de Datos.




ABAP avanzado




Consumo de WebServices.




SAP (Hana Fiori)




Ofrecemos:

Sueldo: $50,000 a $55,000 Brutos MX

Prestaciones de ley:

Vacaciones (iniciando con 12 días al año), prima vacacional del 25% anual, aguinaldo (15 días al año, aumenta según antigüedad).

Condiciones laborales:

Horario de lunes a viernes de 9 am a 6 pm. 100% presencial

Beneficios financieros:

Adelanto de nómina, acceso a tarjeta de crédito, crédito personal con tasa preferencial después de 2 años, cambio de divisas, caja de ahorro.

Beneficios del puesto:

Descuentos desde el 10% en productos en tiendas Elektra y Salinas &amp;amp; Rocha en compras de contado desde el primer día.

Servicios:

Acceso a nutriólogo, psicólogo, odontólogo, biblioteca, concursos y programas para mejorar la salud.

Promociones y convenios para ti y tu familia:

Descuentos en gimnasios, cines, centros de entretenimiento, conciertos, restaurantes, tiendas departamentales, ópticas, laboratorios, clínicas, colegios, escuelas de idiomas, universidades, aerolíneas, viajes, agencias automotrices, y guarderías.




¡Construye tu propia historia de éxito con nosotros!"
"Desarrollador ABAP","Grupo Salinas","","$50,000 - $55,000 Mensual",true,"Tecnologías de la Información - Sistemas","Desarrollo de software - Programador","Universitario titulado","Permanente","Tiempo completo","Presencial","En Grupo Salinas buscamos agentes de cambio con mentalidad positiva e innovadora, dispuestas a trabajar en equipo para la solución de problemas en las diversas industrias en las que tenemos presencia a nivel nacional e internacional.




Desarrollador ABAP




¿Qué necesitas?




Desarrollar aplicaciones y/o programas de software que brinden soluciones tecnológicas, garantizando la calidad y el correcto funcionamiento de los mismos.




Funciones:




Asegurar la funcionalidad del sistema.




Reunir los requisitos para que el desarrollo pase a un ambiente productivo.




Documentar los componentes desarrollados.




Realizar pruebas unitarias.




Generar código de programación de software.




Analizar los requerimientos tecnológicos.




Conocimientos:




Reportes ALV




REST/APIs




Conocimiento de microservicios




Base de Datos.




ABAP avanzado




Consumo de WebServices.




SAP (Hana Fiori)




Ofrecemos:

Sueldo: $50,000 a $55,000 Brutos MX

Prestaciones de ley:

Vacaciones (iniciando con 12 días al año), prima vacacional del 25% anual, aguinaldo (15 días al año, aumenta según antigüedad).

Condiciones laborales:

Horario de lunes a viernes de 9 am a 6 pm. 100% presencial

Beneficios financieros:

Adelanto de nómina, acceso a tarjeta de crédito, crédito personal con tasa preferencial después de 2 años, cambio de divisas, caja de ahorro.

Beneficios del puesto:

Descuentos desde el 10% en productos en tiendas Elektra y Salinas &amp;amp; Rocha en compras de contado desde el primer día.

Servicios:

Acceso a nutriólogo, psicólogo, odontólogo, biblioteca, concursos y programas para mejorar la salud.

Promociones y convenios para ti y tu familia:

Descuentos en gimnasios, cines, centros de entretenimiento, conciertos, restaurantes, tiendas departamentales, ópticas, laboratorios, clínicas, colegios, escuelas de idiomas, universidades, aerolíneas, viajes, agencias automotrices, y guarderías.




¡Construye tu propia historia de éxito con nosotros!"
"Desarrollador ABAP SR / Remoto / Inglés - Intermedio","Deintec","","Sueldo no mostrado por la empresa",true,"Tecnologías de la Información - Sistemas","Desarrollo de software - Programador","Universitario titulado","Temporal","Tiempo completo","Desde casa","Acerca de la empresa

¿Estás buscando formar parte de una empresa líder, innovadora, inclusiva y colaborativa que pueda proporcionarte crecimiento y un equilibrio entre tu vida personal y laboral?




Si es así, ¡qué bueno! DEINTEC es para ti. Somos una compañía de consultoría 100% mexicana, especializada en Tecnología Informática colaborando con diversos clientes de varios sectores (como: farmacéutico, metalúrgico, tecnología, gases, etc.) y estamos buscando personas apasionadas en IT.




¡Descubre a continuación la vacante que tenemos para ti!

Programador ABAP Senior

?

Requisitos del puesto

Carrera afín: Ingeniería ó Licenciatura en Sistemas Computacionales o afín.
Experiencia: +5 años desempeñando funciones similares
Inglés: Intermedio
Modalidad: Remoto




Tareas a desarrollar:

· Atención a los requerimientos de programación enviados por los funcionales de los módulos de FI/MM/PM/QM

· Desarrollo de nuevas aplicaciones utilizando el lenguaje ABAP de acuerdo con las especificaciones indicadas.

· Dar mantenimiento a las aplicaciones actuales en producción para continuar con la operación diaria.

· Aplicación de las nuevas herramientas de SAP Hana.




Conocimientos técnicos requeridos:

· Experiencia +5 años comprobable como desarrollador ABAP

· Dominio técnico de desarrollos ABAP:

· Utilización de herramientas del Workbench

§ Module Pool

§ BADI

§ BAPI

§ Idoc

§ Enahacement, Exits, Field Exit

§ Interfases RFC, ODATA

§ SAP Script

§ Smart Forms

§ Programación Orientada a Objetos

· Nuevas Herramientas de Hana

· Desarrollo en Eclipse

· Vistas CDS

· Métodos AMDP

· New Open SQL




Prestaciones

Sueldo de acuerdo con tu experiencia
Prestaciones de Ley (IMSS + Aguinaldo + Vacaciones + Prima vacacional)
Laborando de Lunes a Viernes"
"Desarrollador ABAP – SAP BAS (Business Application Studio) | Soporte – Remoto","Corus Systems & Consul...","CDMX","$31,000 Mensual",true,"Tecnologías de la Información - Sistemas","SAP","Universitario sin titulo","Permanente","Tiempo completo","Desde casa","Acerca de la empresa




'Corus Systems & Consulting Inc' es una empresa líder en el sector de tecnologías de la información, especializada en sistemas y consultoría. Nuestra empresa se destaca por ofrecer soluciones innovadoras a nuestros clientes y brindar un ambiente de trabajo colaborativo y en constante crecimiento para nuestros empleados. Ubicación: La vacante está en Ciudad de México.




Requisitos del puesto




· 3 a 4 años en áreas de soporte a aplicaciones SAP BAS (Business Application Studio)

· Atención y seguimiento de incidentes y solicitudes de ambiente productivo

· Ingeniero en Sistemas Computacionales o afín

· Deseable ITIL

· Ingles básico, capaz de entender y/o traducir notas de errores SAP

· Necesita entender la operación de SAP (módulos de Finanzas y Banca, Captación y Crédito).

.Experiencia en SAP BAS (Business Application Studio) o entornos de desarrollo cloud en SAP.

.Conocimiento de ambiente productivo y gestión de incidentes (soporte N2).

.Capacidad para interpretar logs, dumps y errores técnicos.




· 1. Experiencia en áreas productivas dando soporte a sistemas SAP BAS (Business Application Studio)

· Plus si tiene conocimientos en ABAP.

· 2. Análisis de incidentes y problemas en ambiente productivo.

· 3. Registro y seguimiento en sistema de administración de tickets.

· 4. Experiencia en sector bancario.

· 5. Manejo de Excel nivel intermedio.

. 6. SAP Finanzas / Banca para productos de Captación y Crédito







Deseable




Experiencia previa en el sector bancario (captación, crédito, etc.).
Conocimientos en SAPUI5, Fiori Elements o CAP Model.
Certificación SAP o ITIL (no obligatoria).
Manejo de Excel intermedio.




Prestaciones y beneficios adicionales




Sueldo mensual de $31,000.
Contratación a tiempo completo.
Modalidad de trabajo remoto.
Oportunidades de crecimiento y desarrollo profesional."
"Desarrollador ABAP","tibs sa de cv","Monterrey,, N.L.","Sueldo no mostrado por la empresa",true,"Tecnologías de la Información - Sistemas","SAP","Universitario sin titulo","Permanente","Tiempo completo","Desde casa","Acerca de la empresa




'Corus Systems & Consulting Inc' es una empresa líder en el sector de tecnologías de la información, especializada en sistemas y consultoría. Nuestra empresa se destaca por ofrecer soluciones innovadoras a nuestros clientes y brindar un ambiente de trabajo colaborativo y en constante crecimiento para nuestros empleados. Ubicación: La vacante está en Ciudad de México.




Requisitos del puesto




· 3 a 4 años en áreas de soporte a aplicaciones SAP BAS (Business Application Studio)

· Atención y seguimiento de incidentes y solicitudes de ambiente productivo

· Ingeniero en Sistemas Computacionales o afín

· Deseable ITIL

· Ingles básico, capaz de entender y/o traducir notas de errores SAP

· Necesita entender la operación de SAP (módulos de Finanzas y Banca, Captación y Crédito).

.Experiencia en SAP BAS (Business Application Studio) o entornos de desarrollo cloud en SAP.

.Conocimiento de ambiente productivo y gestión de incidentes (soporte N2).

.Capacidad para interpretar logs, dumps y errores técnicos.




· 1. Experiencia en áreas productivas dando soporte a sistemas SAP BAS (Business Application Studio)

· Plus si tiene conocimientos en ABAP.

· 2. Análisis de incidentes y problemas en ambiente productivo.

· 3. Registro y seguimiento en sistema de administración de tickets.

· 4. Experiencia en sector bancario.

· 5. Manejo de Excel nivel intermedio.

. 6. SAP Finanzas / Banca para productos de Captación y Crédito







Deseable




Experiencia previa en el sector bancario (captación, crédito, etc.).
Conocimientos en SAPUI5, Fiori Elements o CAP Model.
Certificación SAP o ITIL (no obligatoria).
Manejo de Excel intermedio.




Prestaciones y beneficios adicionales




Sueldo mensual de $31,000.
Contratación a tiempo completo.
Modalidad de trabajo remoto.
Oportunidades de crecimiento y desarrollo profesional."
"Consultor SAP HCM SR","La empresa es confidencial o no se encuentra disponible","CDMX","$63,926 - $67,442 Mensual",true,"Tecnologías de la Información - Sistemas","SAP","Universitario titulado","Permanente","Tiempo completo","Desde casa","Descripción del puesto:

Consultor SAP HCM SR con sólida experiencia en el módulo de Nómina (PY) de SAP S/4HANA 2023, capaz de diseñar, configurar e implementar soluciones funcionales alineadas a las mejores prácticas. Este rol requiere habilidades técnicas y funcionales para la creación de esquemas, reglas de nómina, especificaciones funcionales y coordinación con desarrolladores ABAP, garantizando la correcta ejecución de procesos críticos de nómina y su integración con el área financiera.




?? Funciones técnicas principales:




Configuración avanzada del módulo PY en SAP S/4HANA 2023




Diseño e implementación de soluciones para procesos de nómina




Lectura y creación de reglas y esquemas para cálculo de nómina




Generación y validación de especificaciones funcionales para desarrollos ABAP




Análisis de impacto para instalación de notas SAP




Ejecución de procesos: SDI, ISR, PTU, aguinaldo, finiquitos, provisiones y dispersión




Integración con módulos financieros en S/4HANA




Coordinación con ABAP y solución de observaciones funcionales




??? Herramientas, plataformas y tecnologías obligatorias:




SAP HCM en S/4HANA (mínimo 6 años de experiencia)




Integración con PAC para timbrado de nómina




Especificaciones funcionales y técnicas ABAP




Experiencia con desarrollos y trabajo con Product Owner (PO)




?? Competencias clave:




Habilidades analíticas y de solución de problemas




Comunicación efectiva




Trabajo colaborativo e interdisciplinario




Deseable experiencia en procesos de Banca en México




?? Ubicación: Remoto

?? Horario: Lunes a viernes, de 9:00 a.m. a 6:00 p.m.

?? Tipo de contrato: Tiempo completo – Indeterminado

?? Sueldo bruto mensual: $63,926 MXN

?? Bono mensual estimado: $6,392 MXN

?? Vales de despensa: $1,000 MXN"
"Consultor SAP AP / TR","La empresa es confidencial o no se encuentra disponible","CDMX","$74,029 - $78,084 Mensual",true,"Tecnologías de la Información - Sistemas","SAP","Universitario titulado","Permanente","Tiempo completo","Desde casa","?? Vacante: Consultor SAP AP / TR

Área: Tecnologías de la Información – SAP

Subcategoría: Consultoría Funcional SAP FI / TR / MM

Tipo de contrato: Tiempo completo – Indeterminado

Modalidad de trabajo: Home Office




Descripción del puesto:

Estamos en búsqueda de un Consultor SAP AP / TR con sólida experiencia en configuración funcional dentro de los módulos de Cuentas por Pagar (AP), Tesorería (TR) y componentes integrados en SAP S/4HANA. Este rol es responsable de diseñar y parametrizar soluciones técnicas y funcionales para procesos financieros completos, desde la recepción de facturas hasta su conciliación bancaria, así como colaborar con equipos ABAP para el desarrollo de especificaciones funcionales y resolución de incidencias.




Se requiere experiencia comprobable en al menos 2 implementaciones FI y 2 roll outs, así como conocimientos en MM, AR y herramientas FIORI.




?? Responsabilidades principales:




Configuración de módulos AP: Business Partners, indicadores de retención, tolerancias, roles, validación fiscal, sincronización de datos




Configuración en TR: Bancos, cuentas, vías de pago, chequeras, pagos automáticos (F110, F111), conciliación bancaria, diseño de layouts de pagos y extractos




Ejecución completa del proceso de compras y pagos a proveedores en S/4HANA




Elaboración de especificaciones funcionales y soporte a desarrolladores ABAP




Atención a incidencias, soporte funcional y participación en pruebas




Configuración de MM en entornos S/4HANA 2020 en adelante




??? Tecnologías y herramientas requeridas:




SAP S/4HANA (AP, TR, MM, FI, AR)




SAP Certified FI / S4HANA




FIORI




Inglés intermedio




?? Habilidades clave:




Trabajo colaborativo y enfoque a resultados




Capacidad de análisis y documentación funcional




Autoaprendizaje y adaptación en entornos de TI




Experiencia en diseño de soluciones integradas




?? Requisitos académicos y experiencia:




Licenciatura o Ingeniería en áreas afines




Mínimo 5 años de experiencia en SAP




Participación en al menos 2 implementaciones y 2 roll outs de FI




?? Ubicación: Remoto / Home Office

?? Horario: Lunes a viernes, de 9:00 a.m. a 6:00 p.m.

?? Tipo de contrato: Tiempo completo – Indeterminado

?? Sueldo bruto mensual: $74,029.17

?? Bono mensual estimado: $7,402.92

?? Vales de despensa: $1,000"